{"cameraMode":{"drawMode":0,"name":"Shaded","section":"Shading Mode"},"sceneLighting":true,"audioPlay":false,"sceneViewState":{"m_AlwaysRefresh":false,"showFog":true,"showSkybox":true,"showFlares":true,"showImageEffects":true,"showParticleSystems":true,"showVisualEffectGraphs":true,"m_FxEnabled":true},"in2DMode":false,"pivot":{"x":0.8129919171333313,"y":1.9425724744796754,"z":-1.1081352233886719},"rotation":{"x":0.03196129947900772,"y":0.869140088558197,"z":-0.05665901303291321,"w":0.4902727007865906},"size":-0.033974647521972659,"orthographic":false}